file_name,tempo,spectral_flatness
jazz1.mp3,103.359375,[[0.15782095 0.16137019 0.0059428  ... 0.00760382 0.02400696 0.16782615]]
