file_name,tempo,tempogram,spec_cent,spec_bw,spec_cont,spec_flat,spec_roll,mcff,rms,tonnetz_fifth_x_axis,tonnetz_fifth_y_axis,tonnetz_minor_x_axis,tonnetz_minor_y_axis,tonnetz_major_x_axis,tonnetz_major_y_axis
000002.mp3,161.4990234375,0.1934445410741114,3756.5669847606237,2756.4371581028313,15.836042241903609,0.024169425,7085.992472061258,-1.9612075,0.14430943,0.022422443214222477,0.14440848572120657,0.04784441784961697,0.13506116386848335,0.013935774039587042,0.05822787335564988
009152.mp3,135.99917763157896,0.15891594887454702,1703.043055091132,1982.385372036159,19.337447747448245,0.004648886,3719.8964908423013,4.6095266,0.18599711,-0.01832419581358543,0.011735721432222266,0.010833028999977028,0.008436718493058092,-9.50420286170066e-05,0.0021011580154917
027194.mp3,103.359375,0.17767224714266325,2305.589577960162,2428.4289553682283,23.135219923739765,0.0061463458,5238.308170141763,0.5832965,0.100909464,-0.09804843357786372,0.12778604749879557,-0.10126223091948959,0.030586961447106324,-0.0397563652681716,-0.02485565095368946
001039.mp3,129.19921875,0.1795052641122982,2293.5419883468635,2273.3432597160536,20.296240775410972,0.007246113,4695.129556213783,9.208541,0.26834893,-0.0035231723482596154,-0.010888201653382263,0.04325654552570981,0.005475247907914434,0.008801444532041843,0.003185516741398214
019074.mp3,135.99917763157896,0.14765061051590164,1339.5529540761552,1831.4437178825854,19.720570909521555,0.0014916428,2642.66591861548,-2.0843194,0.10747412,0.24785197577046644,0.06285710253692081,-0.05819925803703543,0.054891276571109364,0.006385942305108328,0.004873242132082067
064007.mp3,107.666015625,0.21763546993440291,3076.344228912296,2682.579670737493,20.851933060205983,0.0150923,6166.624521419702,7.888978,0.3303782,0.26272475626716996,-0.10860063558799686,0.030999258928468918,0.13161841303184088,0.020534351725869086,-0.0425931296137081
005006.mp3,112.34714673913044,0.2398720884523085,2795.1426821478603,2512.0178077922237,20.724904487133827,0.018310037,5794.784606529387,5.917163,0.35542488,0.028558701378074407,-0.03165125093198528,0.06977377208998227,-0.04509513538380178,-0.026121468162988513,0.003401056252765353
